Tile ID	AA interval	Length	SOG1 partim	Description	AA sequence	Remarks
	1-40	40	NTD	1_PSv_maxA_STYA	MAGRAWLIDANRIAAKIMAAAAAADPRQVVWKANPARHCP 	NA
	11-50	40	NTD	2_PSv_maxA_STYA	NRIAAKIMAAAAAADPRQVVWKANPARHCPKCQHVIDNAD 	NA
	21-60	40	NTD + NAC	3_PSv_maxA_STYA	AAAADPRQVVWKANPARHCPKCQHVIDNADVVDDWPGLPR 	NA
	31-70	40	NTD + NAC	4_PSv_maxA_STYA	WKANPARHCPKCQHVIDNADVVDDWPGLPRGVKFDPADPE	NA
	41-80	40	NTD + NAC	5_PSv_maxA_STYA	KCQHVIDNADVVDDWPGLPRGVKFDPADPEIIWHLLAKSG 	NA
	51-90	40	NTD + NAC	6_PSv_maxA_STYA	VVDDWPGLPRGVKFDPADPEIIWHLLAKAGLAGLAAHPFI 	NA
	61-100	40	NAC	7_PSv_maxA_STYA	GVKFDPADPEIIWHLLAKAGLAGLAAHPFIDEFIPAVNQD 	NA
	71-110	40	NAC	8_PSv_maxA_STYA	IIWHLLAKAGLAGLAAHPFIDEFIPAVNQDDGICAAHPKN	PS:Y(!)x1
	81-120	40	NAC	9_PSv_maxA_STYA	LAGLAAHPFIDEFIPAVNQDDGICAAHPKNLPGVKADGAV	PS:Y(!)x1
	91-130	40	NAC	10_PSv_maxA_STYA	DEFIPAVNQDDGICAAHPKNLPGVKADGAVAHFFHKAIKA 	PS:Y(!)x1
	101-140	40	NAC	11_PSv_maxA_STYA	DGICAAHPKNLPGVKADGAVAHFFHKAIKAAAAGARKRRK 	PS:Y(!)x2
	111-150	40	NAC	12_PSv_maxA_STYA	LPGVKADGAVAHFFHKAIKAAAAGARKRRKIHDDDFGDVR 	PS:Y(!)x1
	121-160	40	NAC	13_PSv_maxA_STYA	AHFFHKAIKAAAAGARKRRKIHDDDFGDVRWHKAGRAKPV	PS:Y(!)x1
	131-170	40	NAC	14_PSv_maxA_STYA	AAAGARKRRKIHDDDFGDVRWHKAGRAKPVVLDGVQRGCK	PS:Y(!)x1
	141-180	40	NAC	15_PSv_maxA_STYA	IHDDDFGDVRWHKAGRAKPVVLDGVQRGCKKIMVLAGGKA 	PS:Y(!)x1
	151-190	40	NAC	16_PSv_maxA_STYA	WHKAGRAKPVVLDGVQRGCKKIMVLAGGKAVKANWVMHQA	PS:Y(!)x2
	161-200	40	NAC	17_PSv_maxA_STYA	VLDGVQRGCKKIMVLAGGKAVKANWVMHQAHLGIEEDEKE 	PS:Y(!)x2
	171-210	40	NAC	18_PSv_maxA_STYA	KIMVLAGGKAVKANWVMHQAHLGIEEDEKEGDAVVAKIFA	PS:Y(!)x4
	181-220	40	NAC + CTD	19_PSv_maxA_STYA	VKTNWVMHQAHLGIEEDEKEGDAVVAKIFAQQPQQLVVKR	PS:Y(!)x3
	191-230	40	NAC + CTD	20_PSv_maxA_STYA	HLGIEEDEKEGDAVVAKIFAQQPQQLVVKRGDKAEQEVAE 	PS:Y(!)x2
	201-240	40	NAC + CTD	21_PSv_maxA_STYA	GDYVVAKIFAQQPQQLVVKRGDKAEQEVAEDIFAAVAPAA 	PS:Y(!)x2
	211-250	40	NAC + CTD	22_PSv_maxA_STYA	QQPQQLVVKRGDKAEQEVAEDIFAAVAPAADPVAPKLAAP 	NA
	221-260	40	CTD	23_PSv_maxA_STYA	GDKAEQEVAEDIFAAVAPAADPVAPKLAAPEPRNAVRICA	NA
	231-270	40	CTD	24_PSv_maxA_STYA	DIFAAVAPAADPVAPKLAAPEPRNAVRICADAHIAADAVA	PS:Y(!)x1
	241-280	40	CTD	25_PSv_maxA_STYA	DPVAPKLAAPEPRNAVRICADAHIAADAVAPADAVAAHEV 	PS:Y(!)x2
	251-290	40	CTD	26_PSv_maxA_STYA	EPRNAVRICADAHIAADAVAPADAVAAHEVALAEAAEVMC 	PS:Y(!)x2
	261-300	40	CTD	27_PSv_maxA_STYA	DAHIAADAVAPADAVAAHEVALAEAAEVMCMEDEVQAIQP 	PS:Y(!)x2
	271-310	40	CTD	28_PSv_maxA_STYA	PADAVAAHEVALAEAAEVMCMEDEVQAIQPNHERPAAGPE	PS:Y(!)x1
	281-320	40	CTD	29_PSv_maxA_STYA	ALAEAAEVMCMEDEVQAIQPNHERPAAGPELEHGLENGAK	NA
	291-330	40	CTD	30_PSv_maxA_STYA	MEDEVQAIQPNHERPAAGPELEHGLENGAKEMLDDKEEQE	NA
	301-340	40	CTD	31_PSv_maxA_STYA	NHERPAAGPELEHGLENGAKEMLDDKEEQEKDRDNENQGE 	NA
	311-350	40	CTD	32_PSv_maxA_STYA	LEHGLENGAKEMLDDKEEQEKDRDNENQGEEDPAWFDAGA 	NA
	321-360	40	CTD	33_PSv_maxA_STYA	EMLDDKEEQEKDRDNENQGEEDPAWFDAGAQFILNAQQLV	NA
	331-370	40	CTD	34_PSv_maxA_STYA	KDRDNENQGEEDPAWFDAGAQFILNAQQLVEALALCDDLL	NA
	341-380	40	CTD	35_PSv_maxA_STYA	EDPAWFDAGAQFILNAQQLVEALALCDDLLGAQDREENAN	NA
	351-390	40	CTD	36_PSv_maxA_STYA	QFILNAQQLVEALALCDDLLGAQDREENANAGALKDKQPC 	NA
	361-400	40	CTD	37_PSv_maxA_STYA	EALALCDDLLGAQDREENANAGALKDKQPCIADAAHLGPE 	PS:Y(!)x1
	371-410	40	CTD	38_PSv_maxA_STYA	GAQDREENANAGALKDKQPCIADAAHLGPEDFKRDLEECQ	PS:Y(!)x1
	381-420	40	CTD	39_PSv_maxA_STYA	AGALKDKQPCIADAAHLGPEDFKRDLEECQKIVLDPANIE	PS:Y(!)x1
	391-430	40	CTD	40_PSv_maxA_STYA	IADAAHLGPEDFKRDLEECQKIVLDPANIELDAPPEFRLA	PS:Y(!)x1
	401-440	40	CTD	41_PSv_maxA_STYA	DFKRDLEECQKIVLDPANIELDAPPEFRLAQLEFGAQDAF 	NA
	410-449	40	CTD	42_PSv_maxA_STYA	QKIVLDPANIELDAPPEFRLAQLEFGAQDAFLAWGAGKAD	NA