Tile ID	AA interval	Length	SOG1 partim	AA sequence	Remarks
1	1-40	40	NTD	MAGRSWLIDSNRIATKIMSASASSDPRQVVWKSNPSRHCP	/ 
2	11-50	40	NTD	NRIATKIMSASASSDPRQVVWKSNPSRHCPKCQHVIDNSD	 /
3	21-60	40	NTD + NAC	SASSDPRQVVWKSNPSRHCPKCQHVIDNSDVVDDWPGLPR	/ 
4	31-70	40	NTD + NAC	WKSNPSRHCPKCQHVIDNSDVVDDWPGLPRGVKFDPSDPE	 /
5	41-80	40	NTD + NAC	KCQHVIDNSDVVDDWPGLPRGVKFDPSDPEIIWHLLAKSG	/ 
6	51-90	40	NTD + NAC	VVDDWPGLPRGVKFDPSDPEIIWHLLAKSGLSGLSSHPFI	 /
7	61-100	40	NAC	GVKFDPSDPEIIWHLLAKSGLSGLSSHPFIDEFIPTVNQD	/ 
8	71-110	40	NAC	IIWHLLAKSGLSGLSSHPFIDEFIPTVNQDDGICYTHPKN	 /
9	81-120	40	NAC	LSGLSSHPFIDEFIPTVNQDDGICYTHPKNLPGVKSDGTV	/ 
10	91-130	40	NAC	DEFIPTVNQDDGICYTHPKNLPGVKSDGTVSHFFHKAIKA	 /
11	101-140	40	NAC	DGICYTHPKNLPGVKSDGTVSHFFHKAIKAYSTGTRKRRK	/ 
12	111-150	40	NAC	LPGVKSDGTVSHFFHKAIKAYSTGTRKRRKIHDDDFGDVR	 /
13	121-160	40	NAC	SHFFHKAIKAYSTGTRKRRKIHDDDFGDVRWHKTGRTKPV	/ 
14	131-170	40	NAC	YSTGTRKRRKIHDDDFGDVRWHKTGRTKPVVLDGVQRGCK	 /
15	141-180	40	NAC	IHDDDFGDVRWHKTGRTKPVVLDGVQRGCKKIMVLYGGKA	/ 
16	151-190	40	NAC	WHKTGRTKPVVLDGVQRGCKKIMVLYGGKAVKTNWVMHQY	 /
17	161-200	40	NAC	VLDGVQRGCKKIMVLYGGKAVKTNWVMHQYHLGIEEDEKE	/ 
18	171-210	40	NAC	KIMVLYGGKAVKTNWVMHQYHLGIEEDEKEGDYVVSKIFY	 /
19	181-220	40	NAC + CTD	VKTNWVMHQYHLGIEEDEKEGDYVVSKIFYQQPQQLVVKR	/ 
20	191-230	40	NAC + CTD	HLGIEEDEKEGDYVVSKIFYQQPQQLVVKRGDKAEQEVSE	 /
21	201-240	40	NAC + CTD	GDYVVSKIFYQQPQQLVVKRGDKAEQEVSEDIFAAVTPTA	/ 
22	211-250	40	NAC + CTD	QQPQQLVVKRGDKAEQEVSEDIFAAVTPTADPVTPKLATP	 /
23	221-260	40	CTD	GDKAEQEVSEDIFAAVTPTADPVTPKLATPEPRNAVRICS	/ 
24	231-270	40	CTD	DIFAAVTPTADPVTPKLATPEPRNAVRICSDSHIASDYVT	 /
25	241-280	40	CTD	DPVTPKLATPEPRNAVRICSDSHIASDYVTPSDYVSAHEV	/ 
26	251-290	40	CTD	EPRNAVRICSDSHIASDYVTPSDYVSAHEVSLAETSEVMC	 /
27	261-300	40	CTD	DSHIASDYVTPSDYVSAHEVSLAETSEVMCMEDEVQSIQP	/ 
28	271-310	40	CTD	PSDYVSAHEVSLAETSEVMCMEDEVQSIQPNHERPSSGPE	 /
29	281-320	40	CTD	SLAETSEVMCMEDEVQSIQPNHERPSSGPELEHGLENGAK	/ 
30	291-330	40	CTD	MEDEVQSIQPNHERPSSGPELEHGLENGAKEMLDDKEEQE	 /
31	301-340	40	CTD	NHERPSSGPELEHGLENGAKEMLDDKEEQEKDRDNENQGE	/ 
32	311-350	40	CTD	LEHGLENGAKEMLDDKEEQEKDRDNENQGEEDPTWFDSGS	 /
33	321-360	40	CTD	EMLDDKEEQEKDRDNENQGEEDPTWFDSGSQFILNSQQLV	/ 
34	331-370	40	CTD	KDRDNENQGEEDPTWFDSGSQFILNSQQLVEALSLCDDLL	/ 
35	341-380	40	CTD	EDPTWFDSGSQFILNSQQLVEALSLCDDLLGSQDREENTN	 /
36	351-390	40	CTD	QFILNSQQLVEALSLCDDLLGSQDREENTNSGSLKDKQPC	/ 
37	361-400	40	CTD	EALSLCDDLLGSQDREENTNSGSLKDKQPCIADYAHLGPE	 /
38	371-410	40	CTD	GSQDREENTNSGSLKDKQPCIADYAHLGPEDFKRDLEECQ	/ 
39	381-420	40	CTD	SGSLKDKQPCIADYAHLGPEDFKRDLEECQKIVLDPSNIE	 /
40	391-430	40	CTD	IADYAHLGPEDFKRDLEECQKIVLDPSNIELDTPPEFRLS	/ 
41	401-440	40	CTD	DFKRDLEECQKIVLDPSNIELDTPPEFRLSQLEFGSQDSF	 /
42	410-449	40	CTD	QKIVLDPSNIELDTPPEFRLSQLEFGSQDSFLAWGTGKTD	/ 